-- phpMyAdmin SQL Dump
-- version 4.9.1
-- https://www.phpmyadmin.net/
--
-- Host: 127.0.0.1
-- Generation Time: Jun 04, 2020 at 02:57 AM
-- Server version: 10.4.8-MariaDB
-- PHP Version: 7.3.11

SET SQL_MODE = "NO_AUTO_VALUE_ON_ZERO";
SET AUTOCOMMIT = 0;
START TRANSACTION;
SET time_zone = "+00:00";


/*!40101 SET @OLD_CHARACTER_SET_CLIENT=@@CHARACTER_SET_CLIENT */;
/*!40101 SET @OLD_CHARACTER_SET_RESULTS=@@CHARACTER_SET_RESULTS */;
/*!40101 SET @OLD_COLLATION_CONNECTION=@@COLLATION_CONNECTION */;
/*!40101 SET NAMES utf8mb4 */;

--
-- Database: `online`
--

-- --------------------------------------------------------

--
-- Table structure for table `dosen`
--

CREATE TABLE `dosen` (
  `id_dosen` int(11) NOT NULL,
  `nip` char(12) NOT NULL,
  `nama_dosen` varchar(50) NOT NULL,
  `email` varchar(254) NOT NULL,
  `matkul_id` int(11) NOT NULL
) ENGINE=InnoDB DEFAULT CHARSET=latin1;

--
-- Dumping data for table `dosen`
--

INSERT INTO `dosen` (`id_dosen`, `nip`, `nama_dosen`, `email`, `matkul_id`) VALUES
(1, '12345678', 'penilai 1', 'penilai@penilai.com', 1),
(2, '12345666', 'penilai 2', 'penilai2@penilai.com', 1),
(3, '12345699', 'penilai 3', 'penilai3@penilai.com', 1);

--
-- Triggers `dosen`
--
DELIMITER $$
CREATE TRIGGER `edit_user_dosen` BEFORE UPDATE ON `dosen` FOR EACH ROW UPDATE `users` SET `email` = NEW.email, `username` = NEW.nip WHERE `users`.`username` = OLD.nip
$$
DELIMITER ;
DELIMITER $$
CREATE TRIGGER `hapus_user_dosen` BEFORE DELETE ON `dosen` FOR EACH ROW DELETE FROM `users` WHERE `users`.`username` = OLD.nip
$$
DELIMITER ;

-- --------------------------------------------------------

--
-- Table structure for table `groups`
--

CREATE TABLE `groups` (
  `id` mediumint(8) UNSIGNED NOT NULL,
  `name` varchar(20) NOT NULL,
  `description` varchar(100) NOT NULL
) ENGINE=InnoDB DEFAULT CHARSET=utf8;

--
-- Dumping data for table `groups`
--

INSERT INTO `groups` (`id`, `name`, `description`) VALUES
(1, 'admin', 'Administrator'),
(2, 'Penilai', 'Pembuat Soal dan ujian'),
(3, 'Peserta', 'Peserta Ujian');

-- --------------------------------------------------------

--
-- Table structure for table `h_ujian`
--

CREATE TABLE `h_ujian` (
  `id` int(11) NOT NULL,
  `ujian_id` int(11) NOT NULL,
  `mahasiswa_id` int(11) NOT NULL,
  `list_soal` longtext NOT NULL,
  `list_jawaban` longtext NOT NULL,
  `jml_benar` int(11) NOT NULL,
  `nilai` decimal(10,2) NOT NULL,
  `nilai_bobot` decimal(10,2) NOT NULL,
  `tgl_mulai` datetime NOT NULL,
  `tgl_selesai` datetime NOT NULL,
  `status` enum('Y','N') NOT NULL
) ENGINE=InnoDB DEFAULT CHARSET=utf8;

--
-- Dumping data for table `h_ujian`
--

INSERT INTO `h_ujian` (`id`, `ujian_id`, `mahasiswa_id`, `list_soal`, `list_jawaban`, `jml_benar`, `nilai`, `nilai_bobot`, `tgl_mulai`, `tgl_selesai`, `status`) VALUES
(1, 6, 1, '9,10,1', '9:A:N,10:C:N,1:C:N', 2, '66.00', '1.00', '2020-05-24 15:11:18', '2020-05-24 16:11:18', 'N');

-- --------------------------------------------------------

--
-- Table structure for table `jurusan`
--

CREATE TABLE `jurusan` (
  `id_jurusan` int(11) NOT NULL,
  `nama_jurusan` varchar(30) NOT NULL
) ENGINE=InnoDB DEFAULT CHARSET=utf8;

--
-- Dumping data for table `jurusan`
--

INSERT INTO `jurusan` (`id_jurusan`, `nama_jurusan`) VALUES
(1, '2017');

-- --------------------------------------------------------

--
-- Table structure for table `jurusan_matkul`
--

CREATE TABLE `jurusan_matkul` (
  `id` int(11) NOT NULL,
  `matkul_id` int(11) NOT NULL,
  `jurusan_id` int(11) NOT NULL
) ENGINE=InnoDB DEFAULT CHARSET=utf8;

--
-- Dumping data for table `jurusan_matkul`
--

INSERT INTO `jurusan_matkul` (`id`, `matkul_id`, `jurusan_id`) VALUES
(1, 1, 1);

-- --------------------------------------------------------

--
-- Table structure for table `kelas`
--

CREATE TABLE `kelas` (
  `id_kelas` int(11) NOT NULL,
  `nama_kelas` varchar(30) NOT NULL,
  `jurusan_id` int(11) NOT NULL
) ENGINE=InnoDB DEFAULT CHARSET=utf8;

--
-- Dumping data for table `kelas`
--

INSERT INTO `kelas` (`id_kelas`, `nama_kelas`, `jurusan_id`) VALUES
(1, 'A', 1);

-- --------------------------------------------------------

--
-- Table structure for table `kelas_dosen`
--

CREATE TABLE `kelas_dosen` (
  `id` int(11) NOT NULL,
  `kelas_id` int(11) NOT NULL,
  `dosen_id` int(11) NOT NULL
) ENGINE=InnoDB DEFAULT CHARSET=utf8;

--
-- Dumping data for table `kelas_dosen`
--

INSERT INTO `kelas_dosen` (`id`, `kelas_id`, `dosen_id`) VALUES
(1, 1, 1),
(2, 1, 2);

-- --------------------------------------------------------

--
-- Table structure for table `login_attempts`
--

CREATE TABLE `login_attempts` (
  `id` int(11) UNSIGNED NOT NULL,
  `ip_address` varchar(45) NOT NULL,
  `login` varchar(100) NOT NULL,
  `time` int(11) UNSIGNED DEFAULT NULL
) ENGINE=InnoDB DEFAULT CHARSET=utf8;

-- --------------------------------------------------------

--
-- Table structure for table `mahasiswa`
--

CREATE TABLE `mahasiswa` (
  `id_mahasiswa` int(11) NOT NULL,
  `nama` varchar(50) NOT NULL,
  `nim` char(20) NOT NULL,
  `email` varchar(254) NOT NULL,
  `jenis_kelamin` enum('L','P') NOT NULL,
  `kelas_id` int(11) NOT NULL COMMENT 'kelas&jurusan'
) ENGINE=InnoDB DEFAULT CHARSET=latin1;

--
-- Dumping data for table `mahasiswa`
--

INSERT INTO `mahasiswa` (`id_mahasiswa`, `nama`, `nim`, `email`, `jenis_kelamin`, `kelas_id`) VALUES
(1, 'peserta', '12345677', 'peserta@peserta.com', 'L', 1);

-- --------------------------------------------------------

--
-- Table structure for table `matkul`
--

CREATE TABLE `matkul` (
  `id_matkul` int(11) NOT NULL,
  `nama_matkul` varchar(50) NOT NULL
) ENGINE=InnoDB DEFAULT CHARSET=utf8;

--
-- Dumping data for table `matkul`
--

INSERT INTO `matkul` (`id_matkul`, `nama_matkul`) VALUES
(1, 'Pemrograman');

-- --------------------------------------------------------

--
-- Table structure for table `m_ujian`
--

CREATE TABLE `m_ujian` (
  `id_ujian` int(11) NOT NULL,
  `dosen_id` int(11) NOT NULL,
  `matkul_id` int(11) NOT NULL,
  `nama_ujian` varchar(200) NOT NULL,
  `jumlah_peserta` int(100) NOT NULL,
  `jumlah_soal` int(11) NOT NULL,
  `total_soal` int(100) NOT NULL,
  `bil_prima` int(100) NOT NULL,
  `waktu` int(11) NOT NULL,
  `jenis` enum('acak','urut') NOT NULL,
  `tgl_mulai` datetime NOT NULL,
  `terlambat` datetime NOT NULL,
  `token` varchar(5) NOT NULL
) ENGINE=InnoDB DEFAULT CHARSET=utf8;

--
-- Dumping data for table `m_ujian`
--

INSERT INTO `m_ujian` (`id_ujian`, `dosen_id`, `matkul_id`, `nama_ujian`, `jumlah_peserta`, `jumlah_soal`, `total_soal`, `bil_prima`, `waktu`, `jenis`, `tgl_mulai`, `terlambat`, `token`) VALUES
(6, 1, 1, 'modul 1', 3, 3, 10, 2, 60, 'acak', '2020-05-24 15:08:04', '2020-05-25 15:08:05', 'GZSOX');

-- --------------------------------------------------------

--
-- Table structure for table `tb_soal`
--

CREATE TABLE `tb_soal` (
  `id_soal` int(11) NOT NULL,
  `dosen_id` int(11) NOT NULL,
  `matkul_id` int(11) NOT NULL,
  `bobot` int(11) NOT NULL,
  `file` varchar(255) NOT NULL,
  `tipe_file` varchar(50) NOT NULL,
  `soal` longtext NOT NULL,
  `opsi_a` longtext NOT NULL,
  `opsi_b` longtext NOT NULL,
  `opsi_c` longtext NOT NULL,
  `opsi_d` longtext NOT NULL,
  `opsi_e` longtext NOT NULL,
  `file_a` varchar(255) NOT NULL,
  `file_b` varchar(255) NOT NULL,
  `file_c` varchar(255) NOT NULL,
  `file_d` varchar(255) NOT NULL,
  `file_e` varchar(255) NOT NULL,
  `jawaban` varchar(5) NOT NULL,
  `created_on` int(11) NOT NULL,
  `updated_on` int(11) DEFAULT NULL
) ENGINE=InnoDB DEFAULT CHARSET=utf8;

--
-- Dumping data for table `tb_soal`
--

INSERT INTO `tb_soal` (`id_soal`, `dosen_id`, `matkul_id`, `bobot`, `file`, `tipe_file`, `soal`, `opsi_a`, `opsi_b`, `opsi_c`, `opsi_d`, `opsi_e`, `file_a`, `file_b`, `file_c`, `file_d`, `file_e`, `jawaban`, `created_on`, `updated_on`) VALUES
(1, 1, 1, 10, '', '', '<p>Dalam menyusun suatu program,langkah pertama yang harus di lakkukan adalah :</p>', '<p>Proses</p>', '<p>Membuat Program</p>', '<p>Membuat Algoritma</p>', '<p>Membeli Komputer</p>', '<p>Mempelajari Program</p>', '', '', '', '', '', 'C', 1590302504, 1590302504),
(2, 1, 1, 10, '', '', '<p>Sebuah prosedur langkah demi langkah yang pasti untuk menyelesaikan sebuah   masalah di sebut :</p>', '<p>Proses</p>', '<p>Program</p>', '<p>Algoritma</p>', '<p>Step</p>', '<p>Diagram</p>', '', '', '', '', '', 'C', 1590303172, 1590303172),
(3, 1, 1, 10, '', '', '<p>Pseudocode yang di gunakan pada penulisan algoritma berupa :</p>', '<p>Bahasa Inggris</p>', '<p>Bahasa Puitis</p>', '<p>Bahasa Pemrograman</p>', '<p>Semua Komputer</p>', '<p>Bahasa Mesin</p>', '', '', '', '', '', 'C', 1590303231, 1590303231),
(4, 1, 1, 10, '', '', '<p>Tahapan dalam menyelesaikan suatu masalah adalah :</p>', '<p>Masalah-Pseudocode-Flowchart-Program-Eksekusi-Hasil </p>', '<p>Masalah-Algoritma-Flowchart-Program-Eksekusi-Hasil </p>', '<p>Masalah-Model-Algoritma-Eksekusi-Hasil </p>', '<p>Masalah-Model-Algoritma-Program-Eksekusi-hasil  </p>', '<p>Algoritma-Program-Model-Eksekusi-Hasil </p>', '', '', '', '', '', 'D', 1590303293, 1590303293),
(5, 1, 1, 10, '', '', '<p>Tipe data pascal untuk karakter adalah... </p>', '<p>Char</p>', '<p>Boolean</p>', '<p>Integer</p>', '<p>Real</p>', '<p>Byte</p>', '', '', '', '', '', 'A', 1590303342, 1590303342),
(6, 1, 1, 10, '', '', '<p>Tipe data bilangan bulat dalam bahasa pascal dikenal sebagai</p>', '<p>byte</p>', '<p>Integer</p>', '<p>Char</p>', '<p>String</p>', '<p>Boolean</p>', '', '', '', '', '', 'B', 1590303392, 1590303392),
(7, 1, 1, 10, '', '', '<p>Istilah pengulangan dalam pemrograman disebut</p>', '<p>repeating</p>', '<p>again</p>', '<p>function</p>', '<p>replay</p>', '<p>looping</p>', '', '', '', '', '', 'E', 1590303428, 1590303428),
(8, 1, 1, 10, '', '', '<p>Deklarasi yang digunakan untuk mengidentifikasikan data yang nilainya sudah ditentukan dan pasti,tidak dapat dirubah dalam program disebut deklarasi... </p>', '<p>Deklarasi label</p>', '<p>Deklarasi Konstanta</p>', '<p>Deklarasi tipe</p>', '<p>Deklarasi Variabel</p>', '<p>Deklarasi Prosedur</p>', '', '', '', '', '', 'B', 1590303484, 1590303484),
(9, 1, 1, 10, '', '', '<p>Tipe data terstruktur yang terdiri dari sejumlah komponen ,komponen yang mempunyai tipe sama,disebut tipe data... </p>', '<p>array</p>', '<p>byte</p>', '<p>longint</p>', '<p>integer</p>', '<p>boolean</p>', '', '', '', '', '', 'A', 1590303526, 1590303526),
(10, 1, 1, 10, '', '', '<p>Perintah untuk menampilkan atau cetak dilayar monitor tanpa pindah baris ,disebut... </p>', '<p>write in</p>', '<p>write</p>', '<p>readin</p>', '<p>read</p>', '<p>begin</p>', '', '', '', '', '', 'B', 1590303585, 1590303585);

-- --------------------------------------------------------

--
-- Table structure for table `users`
--

CREATE TABLE `users` (
  `id` int(11) UNSIGNED NOT NULL,
  `ip_address` varchar(45) NOT NULL,
  `username` varchar(100) DEFAULT NULL,
  `password` varchar(255) NOT NULL,
  `email` varchar(254) DEFAULT NULL,
  `activation_selector` varchar(255) DEFAULT NULL,
  `activation_code` varchar(255) DEFAULT NULL,
  `forgotten_password_selector` varchar(255) DEFAULT NULL,
  `forgotten_password_code` varchar(255) DEFAULT NULL,
  `forgotten_password_time` int(11) UNSIGNED DEFAULT NULL,
  `remember_selector` varchar(255) DEFAULT NULL,
  `remember_code` varchar(255) DEFAULT NULL,
  `created_on` int(11) UNSIGNED NOT NULL,
  `last_login` int(11) UNSIGNED DEFAULT NULL,
  `active` tinyint(1) UNSIGNED DEFAULT NULL,
  `first_name` varchar(50) DEFAULT NULL,
  `last_name` varchar(50) DEFAULT NULL,
  `company` varchar(100) DEFAULT NULL,
  `phone` varchar(20) DEFAULT NULL
) ENGINE=InnoDB DEFAULT CHARSET=utf8;

--
-- Dumping data for table `users`
--

INSERT INTO `users` (`id`, `ip_address`, `username`, `password`, `email`, `activation_selector`, `activation_code`, `forgotten_password_selector`, `forgotten_password_code`, `forgotten_password_time`, `remember_selector`, `remember_code`, `created_on`, `last_login`, `active`, `first_name`, `last_name`, `company`, `phone`) VALUES
(1, '127.0.0.1', 'Administrator', '$2y$12$tGY.AtcyXrh7WmccdbT1rOuKEcTsKH6sIUmDr0ore1yN4LnKTTtuu', 'admin@admin.com', NULL, '', NULL, NULL, NULL, NULL, NULL, 1268889823, 1590307349, 1, 'Admin', 'Istrator', 'ADMIN', '0'),
(22, '::1', '12345677', '$2y$10$DQ9SFJ0B206XHLIvNRJ.UO5Glu2LRLAKXS16J2Zl7v2GTOWZIJssG', 'peserta@peserta.com', NULL, NULL, NULL, NULL, NULL, NULL, NULL, 1590300004, 1590307866, 1, 'peserta', 'peserta', NULL, NULL),
(23, '::1', '12345678', '$2y$10$Y4dh.37nXfFpgv7OP1gTWODayuPiY4fDF2djUIWs7wCEXCPUnnnE6', 'penilai@penilai.com', NULL, NULL, NULL, NULL, NULL, NULL, NULL, 1590300007, 1590307550, 1, 'penilai', '1', NULL, NULL),
(24, '::1', '12345666', '$2y$10$9fq/Tnrkf/Mc5B8ozDAl3eY5KQukINgngfZAUjdoylgTd1SkmmcO2', 'penilai2@penilai.com', NULL, NULL, NULL, NULL, NULL, NULL, NULL, 1590305277, NULL, 1, 'penilai', '2', NULL, NULL),
(25, '::1', '12345699', '$2y$10$BpChO2UKvXWz5g..QWAzMu26nzHm73QlP.1PYSBR2FLZCwa9xBnmq', 'penilai3@penilai.com', NULL, NULL, NULL, NULL, NULL, NULL, NULL, 1590307441, NULL, 1, 'penilai', '3', NULL, NULL);

-- --------------------------------------------------------

--
-- Table structure for table `users_groups`
--

CREATE TABLE `users_groups` (
  `id` int(11) UNSIGNED NOT NULL,
  `user_id` int(11) UNSIGNED NOT NULL,
  `group_id` mediumint(8) UNSIGNED NOT NULL
) ENGINE=InnoDB DEFAULT CHARSET=utf8;

--
-- Dumping data for table `users_groups`
--

INSERT INTO `users_groups` (`id`, `user_id`, `group_id`) VALUES
(3, 1, 1),
(24, 22, 3),
(25, 23, 2),
(26, 24, 2),
(27, 25, 2);

--
-- Indexes for dumped tables
--

--
-- Indexes for table `dosen`
--
ALTER TABLE `dosen`
  ADD PRIMARY KEY (`id_dosen`),
  ADD UNIQUE KEY `email` (`email`),
  ADD UNIQUE KEY `nip` (`nip`),
  ADD KEY `matkul_id` (`matkul_id`);

--
-- Indexes for table `groups`
--
ALTER TABLE `groups`
  ADD PRIMARY KEY (`id`);

--
-- Indexes for table `h_ujian`
--
ALTER TABLE `h_ujian`
  ADD PRIMARY KEY (`id`),
  ADD KEY `ujian_id` (`ujian_id`),
  ADD KEY `mahasiswa_id` (`mahasiswa_id`);

--
-- Indexes for table `jurusan`
--
ALTER TABLE `jurusan`
  ADD PRIMARY KEY (`id_jurusan`);

--
-- Indexes for table `jurusan_matkul`
--
ALTER TABLE `jurusan_matkul`
  ADD PRIMARY KEY (`id`),
  ADD KEY `jurusan_id` (`jurusan_id`),
  ADD KEY `matkul_id` (`matkul_id`);

--
-- Indexes for table `kelas`
--
ALTER TABLE `kelas`
  ADD PRIMARY KEY (`id_kelas`),
  ADD KEY `jurusan_id` (`jurusan_id`);

--
-- Indexes for table `kelas_dosen`
--
ALTER TABLE `kelas_dosen`
  ADD PRIMARY KEY (`id`),
  ADD KEY `kelas_id` (`kelas_id`),
  ADD KEY `dosen_id` (`dosen_id`);

--
-- Indexes for table `login_attempts`
--
ALTER TABLE `login_attempts`
  ADD PRIMARY KEY (`id`);

--
-- Indexes for table `mahasiswa`
--
ALTER TABLE `mahasiswa`
  ADD PRIMARY KEY (`id_mahasiswa`),
  ADD UNIQUE KEY `email` (`email`),
  ADD UNIQUE KEY `nipes` (`nim`) USING BTREE,
  ADD KEY `kelas_id` (`kelas_id`);

--
-- Indexes for table `matkul`
--
ALTER TABLE `matkul`
  ADD PRIMARY KEY (`id_matkul`);

--
-- Indexes for table `m_ujian`
--
ALTER TABLE `m_ujian`
  ADD PRIMARY KEY (`id_ujian`),
  ADD KEY `matkul_id` (`matkul_id`),
  ADD KEY `dosen_id` (`dosen_id`);

--
-- Indexes for table `tb_soal`
--
ALTER TABLE `tb_soal`
  ADD PRIMARY KEY (`id_soal`),
  ADD KEY `matkul_id` (`matkul_id`),
  ADD KEY `dosen_id` (`dosen_id`);

--
-- Indexes for table `users`
--
ALTER TABLE `users`
  ADD PRIMARY KEY (`id`),
  ADD UNIQUE KEY `uc_activation_selector` (`activation_selector`),
  ADD UNIQUE KEY `uc_forgotten_password_selector` (`forgotten_password_selector`),
  ADD UNIQUE KEY `uc_remember_selector` (`remember_selector`),
  ADD UNIQUE KEY `uc_email` (`email`) USING BTREE;

--
-- Indexes for table `users_groups`
--
ALTER TABLE `users_groups`
  ADD PRIMARY KEY (`id`),
  ADD UNIQUE KEY `uc_users_groups` (`user_id`,`group_id`),
  ADD KEY `fk_users_groups_users1_idx` (`user_id`),
  ADD KEY `fk_users_groups_groups1_idx` (`group_id`);

--
-- AUTO_INCREMENT for dumped tables
--

--
-- AUTO_INCREMENT for table `dosen`
--
ALTER TABLE `dosen`
  MODIFY `id_dosen` int(11) NOT NULL AUTO_INCREMENT, AUTO_INCREMENT=4;

--
-- AUTO_INCREMENT for table `groups`
--
ALTER TABLE `groups`
  MODIFY `id` mediumint(8) UNSIGNED NOT NULL AUTO_INCREMENT, AUTO_INCREMENT=4;

--
-- AUTO_INCREMENT for table `h_ujian`
--
ALTER TABLE `h_ujian`
  MODIFY `id` int(11) NOT NULL AUTO_INCREMENT, AUTO_INCREMENT=2;

--
-- AUTO_INCREMENT for table `jurusan`
--
ALTER TABLE `jurusan`
  MODIFY `id_jurusan` int(11) NOT NULL AUTO_INCREMENT, AUTO_INCREMENT=2;

--
-- AUTO_INCREMENT for table `jurusan_matkul`
--
ALTER TABLE `jurusan_matkul`
  MODIFY `id` int(11) NOT NULL AUTO_INCREMENT, AUTO_INCREMENT=2;

--
-- AUTO_INCREMENT for table `kelas`
--
ALTER TABLE `kelas`
  MODIFY `id_kelas` int(11) NOT NULL AUTO_INCREMENT, AUTO_INCREMENT=2;

--
-- AUTO_INCREMENT for table `kelas_dosen`
--
ALTER TABLE `kelas_dosen`
  MODIFY `id` int(11) NOT NULL AUTO_INCREMENT, AUTO_INCREMENT=3;

--
-- AUTO_INCREMENT for table `login_attempts`
--
ALTER TABLE `login_attempts`
  MODIFY `id` int(11) UNSIGNED NOT NULL AUTO_INCREMENT, AUTO_INCREMENT=8;

--
-- AUTO_INCREMENT for table `mahasiswa`
--
ALTER TABLE `mahasiswa`
  MODIFY `id_mahasiswa` int(11) NOT NULL AUTO_INCREMENT, AUTO_INCREMENT=2;

--
-- AUTO_INCREMENT for table `matkul`
--
ALTER TABLE `matkul`
  MODIFY `id_matkul` int(11) NOT NULL AUTO_INCREMENT, AUTO_INCREMENT=2;

--
-- AUTO_INCREMENT for table `m_ujian`
--
ALTER TABLE `m_ujian`
  MODIFY `id_ujian` int(11) NOT NULL AUTO_INCREMENT, AUTO_INCREMENT=7;

--
-- AUTO_INCREMENT for table `tb_soal`
--
ALTER TABLE `tb_soal`
  MODIFY `id_soal` int(11) NOT NULL AUTO_INCREMENT, AUTO_INCREMENT=11;

--
-- AUTO_INCREMENT for table `users`
--
ALTER TABLE `users`
  MODIFY `id` int(11) UNSIGNED NOT NULL AUTO_INCREMENT, AUTO_INCREMENT=26;

--
-- AUTO_INCREMENT for table `users_groups`
--
ALTER TABLE `users_groups`
  MODIFY `id` int(11) UNSIGNED NOT NULL AUTO_INCREMENT, AUTO_INCREMENT=28;

--
-- Constraints for dumped tables
--

--
-- Constraints for table `dosen`
--
ALTER TABLE `dosen`
  ADD CONSTRAINT `dosen_ibfk_1` FOREIGN KEY (`matkul_id`) REFERENCES `matkul` (`id_matkul`);

--
-- Constraints for table `h_ujian`
--
ALTER TABLE `h_ujian`
  ADD CONSTRAINT `h_ujian_ibfk_1` FOREIGN KEY (`ujian_id`) REFERENCES `m_ujian` (`id_ujian`),
  ADD CONSTRAINT `h_ujian_ibfk_2` FOREIGN KEY (`mahasiswa_id`) REFERENCES `mahasiswa` (`id_mahasiswa`);

--
-- Constraints for table `jurusan_matkul`
--
ALTER TABLE `jurusan_matkul`
  ADD CONSTRAINT `jurusan_matkul_ibfk_1` FOREIGN KEY (`jurusan_id`) REFERENCES `jurusan` (`id_jurusan`),
  ADD CONSTRAINT `jurusan_matkul_ibfk_2` FOREIGN KEY (`matkul_id`) REFERENCES `matkul` (`id_matkul`);

--
-- Constraints for table `kelas_dosen`
--
ALTER TABLE `kelas_dosen`
  ADD CONSTRAINT `kelas_dosen_ibfk_1` FOREIGN KEY (`dosen_id`) REFERENCES `dosen` (`id_dosen`),
  ADD CONSTRAINT `kelas_dosen_ibfk_2` FOREIGN KEY (`kelas_id`) REFERENCES `kelas` (`id_kelas`);

--
-- Constraints for table `mahasiswa`
--
ALTER TABLE `mahasiswa`
  ADD CONSTRAINT `mahasiswa_ibfk_2` FOREIGN KEY (`kelas_id`) REFERENCES `kelas` (`id_kelas`);

--
-- Constraints for table `m_ujian`
--
ALTER TABLE `m_ujian`
  ADD CONSTRAINT `m_ujian_ibfk_1` FOREIGN KEY (`dosen_id`) REFERENCES `dosen` (`id_dosen`),
  ADD CONSTRAINT `m_ujian_ibfk_2` FOREIGN KEY (`matkul_id`) REFERENCES `matkul` (`id_matkul`);

--
-- Constraints for table `tb_soal`
--
ALTER TABLE `tb_soal`
  ADD CONSTRAINT `tb_soal_ibfk_1` FOREIGN KEY (`matkul_id`) REFERENCES `matkul` (`id_matkul`),
  ADD CONSTRAINT `tb_soal_ibfk_2` FOREIGN KEY (`dosen_id`) REFERENCES `dosen` (`id_dosen`);

--
-- Constraints for table `users_groups`
--
ALTER TABLE `users_groups`
  ADD CONSTRAINT `fk_users_groups_groups1` FOREIGN KEY (`group_id`) REFERENCES `groups` (`id`) ON DELETE CASCADE ON UPDATE NO ACTION,
  ADD CONSTRAINT `fk_users_groups_users1` FOREIGN KEY (`user_id`) REFERENCES `users` (`id`) ON DELETE CASCADE ON UPDATE NO ACTION;
COMMIT;

/*!40101 SET CHARACTER_SET_CLIENT=@OLD_CHARACTER_SET_CLIENT */;
/*!40101 SET CHARACTER_SET_RESULTS=@OLD_CHARACTER_SET_RESULTS */;
/*!40101 SET COLLATION_CONNECTION=@OLD_COLLATION_CONNECTION */;
